{"cameraMode":{"drawMode":0,"name":"Shaded","section":"Shading Mode"},"sceneLighting":false,"audioPlay":false,"sceneViewState":{"showFog":true,"showMaterialUpdate":false,"showSkybox":false,"showFlares":true,"showImageEffects":true,"showParticleSystems":true},"in2DMode":false,"pivot":{"x":457.2569885253906,"y":212.88096618652345,"z":-5.640625},"rotation":{"x":0.02549760602414608,"y":0.007794687990099192,"z":0.00018524634651839733,"w":-0.9996650218963623},"size":770.639404296875,"orthographic":true}