{"cameraMode":{"drawMode":0,"name":"Shaded","section":"Shading Mode"},"sceneLighting":false,"audioPlay":false,"sceneViewState":{"showFog":true,"showMaterialUpdate":false,"showSkybox":false,"showFlares":true,"showImageEffects":true,"showParticleSystems":true},"in2DMode":false,"pivot":{"x":516.635009765625,"y":278.3128967285156,"z":-38.365501403808597},"rotation":{"x":0.037180282175540927,"y":-0.009579316712915898,"z":-0.0003600978816393763,"w":-0.9992814064025879},"size":35.27116012573242,"orthographic":false}