{"cameraMode":{"drawMode":0,"name":"Shaded","section":"Shading Mode"},"sceneLighting":false,"audioPlay":false,"sceneViewState":{"showFog":true,"showMaterialUpdate":false,"showSkybox":false,"showFlares":true,"showImageEffects":true,"showParticleSystems":true},"in2DMode":false,"pivot":{"x":478.9000244140625,"y":274.8999938964844,"z":0.0},"rotation":{"x":-0.0767333135008812,"y":0.008388920687139035,"z":-0.0006493156543001533,"w":-0.997035026550293},"size":358.5083312988281,"orthographic":false}